<?xml version="1.0" encoding="UTF-8"?>
<!DOCTYPE mapper PUBLIC "-//mybatis.org//DTD Mapper 3.0//EN" "http://mybatis.org/dtd/mybatis-3-mapper.dtd" >

<mapper namespace="xxxy.six.dao.BookRackDAO">
<select id="querybookrack" resultType="bookrack">
select * from bookrack where readbookid=#{readbookid}
</select>
<select id="querybookrackbyid" resultType="bookrack">
select * from bookrack where readbookid=#{readbookid} and bookid=#{bookid}
</select>
<update id="updatebookrack" parameterType="bookrack">
update bookrack 
<set>
<if test="huantime!=null">huantime=#{huantime},</if>
<if test="bookflag!=null">bookflag=#{bookflag}</if>
</set> where readbookid=#{readbookid} and bookid=#{bookid}
</update>
<delete id="deletebookrack">
delete from bookrack where readbookid=#{readbookid} and bookid=#{bookid}
</delete>
</mapper> 