<?xml version="1.0" encoding="UTF-8"?>
<!DOCTYPE mapper PUBLIC "-//mybatis.org//DTD Mapper 3.0//EN" "http://mybatis.org/dtd/mybatis-3-mapper.dtd" >

<mapper namespace="xxxy.six.dao.BookDAO">
		<insert id="bookadd" parameterType="book">
	insert into book(bookname,booklei,booknum,booksheng,bookauthor,booklocation,jienum,bookcontent,booktime,bookurl,filename) values(#{bookname},#{booklei},#{booknum},#{booksheng},#{bookauthor},#{booklocation},#{jienum},#{bookcontent},#{booktime},#{bookurl},#{filename});
	</insert>
	<update id="bookupdate" parameterType="book">
	update book 
	<set>
	<if test="bookname!=null">bookname=#{bookname},</if>
	<if test="booklei!=null">booklei=#{booklei},</if>
	<if test="booknum!=null">booknum=#{booknum},</if>
	<if test="bookauthor!=null">bookauthor=#{bookauthor},</if>
	<if test="booklocation!=null">booklocation=#{booklocation},</if>
	<if test="booksheng!=null">booksheng=#{booksheng},</if>
	<if test="jienum!=null">jienum=#{jienum},</if>
	<if test="bookcontent!=null">bookcontent=#{bookcontent},</if>
	<if test="bookurl!=null">bookurl=#{bookurl}</if>
	</set>
	where bookid=#{bookid}
	</update>
	<delete id="bookdelete" parameterType="book">
	delete from book where bookid=#{bookid}
	</delete>
	<select id="queryallbook" resultType="book">
	select * from book
	</select>
	<select id="querybookbystr" resultType="book">
	select * from book  where bookname like '%${name}%' or booklei like '%${name2}%'
	</select>
	<select id="yi">
	select * from bookbrowse where readbookid=#{readbookid} and bookid=#{bookid}
	</select>
</mapper> 
