<?xml version="1.0" encoding="UTF-8"?>
<!DOCTYPE mapper PUBLIC "-//mybatis.org//DTD Mapper 3.0//EN" "http://mybatis.org/dtd/mybatis-3-mapper.dtd" >
<mapper namespace="xxxy.six.dao.ReaderDAO">
	<select id="login" resultType="reader">
	select * from reader where readbookid=#{username};
	</select>
	<insert id="add" parameterType="reader">
	insert into reader(readbookid,password,name,personid,phone,email,flag) values (#{readbookid},#{password},#{name},#{personid},#{phone},#{email},#{flag});
	</insert>
	<insert id="admin_add_reader" parameterType="reader">
		insert into reader(readbookid,password,name,readersex,personid,phone,email,flag,recorddate,validuntil) values (#{readbookid},#{password},#{name},#{readersex},#{personid},#{phone},#{email},#{flag},#{recorddate},#{validuntil});
	</insert>
	<select id="check" resultType="reader">
	select * from reader where id=#{id}
	</select>
	<insert id="borrowbook" parameterType="bookrack">
	insert into bookrack(readbookid,bookid,jietime,huantime,bookflag) values (#{readbookid},#{bookid},#{jietime},#{huantime},#{bookflag})
	</insert>
	<select id="checkreaderbyid" resultType="reader">
	select * from reader where readbookid=#{readbookid};
	</select>
	<select id="checkbookbyid" resultType="book">
	select * from book where bookid=#{bookid};
	</select>
	<select id="queryAllReaderInfo" resultType="reader">
		select * from reader
	</select>
	<update id="readerupdate" parameterType="reader">
		update reader 
			<set>
			<if test="password!=null">password=#{password},</if>
			<if test="name!=null">name=#{name},</if>
			<if test="readersex!=null">readersex=#{readersex},</if>
			<if test="personid!=null">personid=#{personid},</if>
			<if test="phone!=null">phone=#{phone},</if>
			<if test="email!=null">email=#{email},</if>
			<if test="flag!=null">flag=#{flag},</if>
			<if test="recorddate!=null">recorddate=#{recorddate},</if>
			<if test="validuntil!=null">validuntil=#{validuntil},</if>
			<if test="booknum!=null">booknum=#{booknum}</if>
			</set>
		where readbookid=#{readbookid}
	</update>
	<insert id="bookbrowseadd" parameterType="boob">
	insert into bookbrowse(readbookid,readname,phone,email,bookid,bookname,booklei,booklocation,jietime,huantime) values(#{readbookid},#{readname},#{phone},#{email},#{bookid},#{bookname},#{booklei},#{booklocation},#{jietime},#{huantime})
	</insert>
	<select id="queryReaderIsExistByUsername" resultType="reader">
		select * from reader where readbookid=#{username};
	</select>
	<update id="updateReaderPasswdByReadbookid" parameterType="reader">
		update reader set password=#{password} where readbookid=#{readbookid};
	</update>
	<update id="giveback" parameterType="book">
		update book 
			<set>
			<if test="bookname!=null">bookname=#{bookname},</if>
			<if test="booklei!=null">booklei=#{booklei},</if>
			<if test="booknum!=null">booknum=#{booknum},</if>
			<if test="bookauthor!=null">bookauthor=#{bookauthor},</if>
			<if test="booklocation!=null">booklocation=#{booklocation},</if>
			<if test="booksheng!=null">booksheng=#{booksheng},</if>
			<if test="jienum!=null">jienum=#{jienum},</if>
			<if test="bookcontent!=null">bookcontent=#{bookcontent},</if>
			<if test="bookurl!=null">bookurl=#{bookurl}</if>
			</set>
		where bookid=#{bookid}
	</update>
	<update id="updatebookrack" parameterType="bookrack">
		update bookrack
			<set>
			<if test="jietime!=null">jietime=#{jietime},</if>
			<if test="huantime!=null">huantime=#{huantime},</if>
			<if test="bookflag!=null">bookflag=#{bookflag}</if>
			</set>
		where readbookid=#{readbookid} and bookid=#{bookid}
	</update>
	<select id="queryboob" resultType="boob">
		select * from bookbrowse where readbookid=#{readbookid} and bookid=#{bookid}
	</select>
</mapper>

