<?xml version="1.0" encoding="UTF-8"?>
<!DOCTYPE configuration SYSTEM "http://mybatis.org/dtd/mybatis-3-config.dtd" >
<!-- mybatis的所有配置都必须定义在configuration标签里 -->
<configuration>
<properties resource="jdbc.properties"></properties>
<typeAliases>
<typeAlias type="xxxy.six.entity.Reader" alias="reader"/>
<typeAlias type="xxxy.six.entity.Book" alias="book"/>
<typeAlias type="xxxy.six.entity.Systemer" alias="systemer"/>
<typeAlias type="xxxy.six.entity.Bookrack" alias="bookrack"/>
<typeAlias type="xxxy.six.entity.VerifyCode" alias="vcode"/>
<typeAlias type="xxxy.six.entity.Boob" alias="boob"/>
</typeAliases>
	<!-- 配置mybatis运行环境，如果需要连接多个数据库，则需要多个enviroment标签 -->
	<environments default="d1">
		<!--配置一个mybatis的运行环境，id属性是这个环境的唯一标识。 -->
		<environment id="d1">
			<!--设置mybatis完成数据库操作时事务的提交策略，type属性值为"JDBC",表示用Jdbc事务提交方式提交。 -->
			<transactionManager type="JDBC"></transactionManager>
			<!--配置数据库连接，type属性值为“POOLED”，表示使用mybatis内置连接池 -->
			<dataSource type="POOLED">
				<!--数据库驱动 -->
				<property name="driver" value="${driver}"></property>
				<!--数据库连接 -->
				<property name="url" value="${url}"></property>
				<!--数据库用户 -->
				<property name="username" value="${username}"></property>
				<!--数据库密码 -->
				<property name="password" value="${password}" />
			</dataSource>
		</environment>
	</environments>
	<!-- mapper注册  -->
	<mappers>
		<mapper resource="mapper.xml"/>
		<mapper resource="bookdao.xml"/>
		<mapper resource="bookrack.xml"/>
		<mapper resource="SystemDAO.xml"/>
		<mapper resource="VerificationDAO.xml"/>
	</mappers>
</configuration>
