<?xml version="1.0" encoding="UTF-8" ?>
<!DOCTYPE struts PUBLIC
	"-//Apache Software Foundation//DTD Struts Configuration 2.3//EN"
	"http://struts.apache.org/dtds/struts-2.3.dtd">
<struts>
	<package name="yy" extends="struts-default">

		<action name="reader-*" class="xxxy.six.action.ReaderAction"
			method="{1}">
			<result name="sysloginsuccess" type="redirectAction">system-queryallreader</result>
			<result name="loginsuccess" type="redirect">/index.jsp</result>
			<result name="loginerror" type="redirect">/Login.jsp</result>
			<result name="addsuccess" type="redirect">/Login.jsp</result>
			<result name="borrowbooksuccess" type="redirect">/bookjie.jsp</result>
			<result name="readerchecksuccess" type="redirect">/ReaderXinxi.jsp</result>
			<result name="readerupdatesuccess" type="redirectAction">reader-readercheck</result>
			<result name="daojishiqisuccess" type="redirect">/dingshiqi.jsp</result>
			<result name="daojishiqierror" type="redirectAction">reader-borrowbook</result>
			<result name="borrowsuccess" type="redirectAction">system-queryallreader</result>
			<result name="borrowerror" type="redirectAction">system-queryallreader</result>
			<result name="givebacksuccess" type="redirectAction">bookrack-querybookrack</result>
			<result name="outsuccess" type="redirect">/index.jsp</result>
			<result name="daojishiquerysuccess" type="redirect">/dingshiqi.jsp</result>
		</action>
		<action name="book-*" class="xxxy.six.action.BookAction"
			method="{1}">
			<result name="booksuccess" type="redirect">/BookAdd.jsp</result>
			<result name="queryallbooksuccess" type="redirect">/bookku.jsp</result>
			<result name="querybookidsuccess" type="redirect">/querybookku.jsp</result>
			<result name="updatebooknumsuccess" type="redirect">/guanlibookku.jsp</result>
		</action>
		<action name="system-*" class="xxxy.six.action.SystemAction"
			method="{1}">
			<result name="queryallreadersuccess" type="redirect">/guanliduzhe.jsp</result>
			<result name="giveback" type="redirect">/guanliduzhe.jsp</result>
			<result name="huansuccess" type="redirect">/guanliduzhe.jsp</result>
			<result name="gengsuccess" type="redirect">/guanliduzhe.jsp</result>
		</action>
		<action name="bookrack-*" class="xxxy.six.action.BookRackAction"
			method="{1}">
			<result name="querybookracksuccess">/bookrack.jsp</result>
		</action>
	</package>
	<package name="Email" namespace="/Email" extends="struts-default,json-default">
		<action name="forget" class="xxxy.six.action.EmailAction" method="forget">
			<result name="success">../forget.jsp</result>
		</action>
		<action name="updatesuccess" class="xxxy.six.action.EmailAction" method="updatesuccess">
			<result name="success" type="redirect">../Login.jsp</result>
		</action>
		<action name="SendEmail" class="xxxy.six.action.EmailAction" method="SendEmail">
			<result name="has_send" type="json">
				<param name="root">result</param>
			</result>
		</action>
		<action name="update" class="xxxy.six.action.EmailAction" method="update">
			<result name="has_update" type="json">
				<param name="root">result</param>
			</result>
		</action>
	</package>
	<package name="Check" namespace="/Check" extends="struts-default,json-default" >
		<action name="CheckUsername" method="CheckUsername" class="xxxy.six.action.CheckAction">
			<result name="check_username_over" type="json">
				<param name="root">result</param>
			</result>
		</action>
	</package>
	<package name="Query" namespace="/Query" extends="struts-default,json-default" >
		<action name="QueryAllReaderInfo" class="xxxy.six.action.QueryAction" method="QueryAllReaderInfo">
			<result name="qari_success" type="json">
				<param name="root">result</param>
			</result>		
		</action>
		<action name="QueryNumForAllReaderInfo" class="xxxy.six.action.QueryAction" method="QueryNumForAllReaderInfo">	
			<result name="get_num_for_reader_info_success" type="json">
				<param name="root">get_num_reader_result</param>
			</result>	
		</action>
		<action name="QueryAllBorrowInfo" class="xxxy.six.action.QueryAction" method="QueryAllBorrowInfo">	
			<result name="get_borrow_info_success" type="json">
				<param name="root">borrow_result</param>
			</result>
		</action>
		<action name="QueryNumForAllBorrowInfo" class="xxxy.six.action.QueryAction" method="QueryNumForAllBorrowInfo">	
			<result name="get_num_for_borrow_info_success" type="json">
				<param name="root">get_num_borrow_result</param>
			</result>	
		</action>
	</package>
	<package name="Admin" namespace="/Admin" extends="struts-default,json-default" >
		<action name="readeraddbyadmin" class="xxxy.six.action.ReaderAction" method="readeraddbyadmin">
			<result name="readeraddbyadmin" type="json">
				<param name="root">msg</param>
			</result>		
		</action>
		<action name="readergenerated" class="xxxy.six.action.ReaderAction" method="readergenerated">
			<result name="readergenerated" type="json">
				<param name="root">_reader</param>
			</result>		
		</action>
	</package>
</struts>
