<?xml version="1.0" encoding="UTF-8"?>
<!DOCTYPE mapper PUBLIC "-//mybatis.org//DTD Mapper 3.0//EN" "http://mybatis.org/dtd/mybatis-3-mapper.dtd" >

<mapper namespace="xxxy.six.dao.SystemDAO">
<select id="systemlogin" resultType="systemer">
select * from system where systemid=#{systemid} and password=#{password}
</select>
<select id="queryallreader" resultType="reader">
select * from reader
</select>
<insert id="systemadd" parameterType="systemer">
insert into system(systemid,password,systemname) values(#{systemid},#{password},#{systemname})
</insert>
<select id="querySystemerIsExistByUsername" resultType="systemer">
	select * from reader where systemid=#{username};
</select>
<select id="queryallbookbrowse" resultType="boob">
	select * from bookbrowse
</select>
<select id="queryboobbyid" resultType="boob">
select * from bookbrowse where readbookid=#{readbookid} and bookid=#{bookid};
</select>
<update id="updateboobbyid">
update bookbrowse <set>
		<if test="shenhe!=null">shenhe=#{shenhe}</if>
		</set>
		 where readbookid=#{readbookid} and bookid=#{bookid};
</update>
<update id="updateboob" parameterType="boob">
update bookbrowse
<set>
<if test="huantime!=null">huantime=#{huantime}</if>
</set>
where readbookid=#{readbookid} and bookid = #{bookid}
</update>
<delete id="deleteboob" parameterType="boob">
delete from bookbrowse where bookid=#{bookid} and readbookid=#{readbookid};
</delete>
<update id="updatebook" parameterType="book">
update book 
<set>
<if test="booksheng!=null">booksheng=#{booksheng}</if>
</set>
where bookid =#{bookid}
</update>
<select id="queryallbookrack" resultType="bookrack">
select * from bookrack
</select>
<update id="updatereader" parameterType="reader">
update reader 
<set>
<if test="flag!=null">flag=#{flag}</if>
</set>
where readbookid = #{readbookid}
</update>
</mapper> 